employee_id,staff_number,employee_name,employee_type,department,status,hire_date
1,KEN10000,Rebecca Bolton,Staff,Operations,Retired,2015-07-28
2,KEN10001,Paula Richards,Director,Engineering,Resigned,2021-06-06
3,KEN10002,James Alexander,Ex-Staff,Operations,Retired,2016-02-05
4,KEN10003,Carlos Martinez,Manager,Engineering,Active,2013-01-30
5,KEN10004,William Reyes,Ex-Staff,Finance,Retired,2021-08-03
6,KEN10005,Robert Scott,Manager,ICT,Retired,2016-03-20
7,KEN10006,Mary Casey,Staff,HR,Retired,2020-04-08
8,KEN10007,Johnathan Anderson,Director,ICT,Resigned,2022-09-19
9,KEN10008,Sydney Castillo,Director,ICT,Active,2015-04-22
10,KEN10009,Julie Wells,Staff,Finance,Resigned,2019-04-06
11,KEN10010,Frank King,Manager,ICT,Resigned,2016-01-23
12,KEN10011,Leslie Galvan,Ex-Staff,Engineering,Retired,2024-04-04
13,KEN10012,Katelyn Moore,Manager,ICT,Active,2014-07-04
14,KEN10013,Kelly Davis,Manager,Engineering,Retired,2011-12-24
15,KEN10014,Jennifer Smith MD,Manager,Operations,Active,2024-02-09
16,KEN10015,Sharon Johnson,Ex-Staff,Operations,Active,2018-11-03
17,KEN10016,Dennis Gray,Manager,Engineering,Resigned,2017-05-03
18,KEN10017,Jennifer Beck,Staff,Operations,Retired,2020-02-25
19,KEN10018,Michael Moore,Ex-Staff,Finance,Active,2014-01-31
20,KEN10019,Gerald Boyd,Ex-Staff,ICT,Active,2023-11-25
21,KEN10020,Donald Love,Director,HR,Resigned,2025-02-23
22,KEN10021,Terri Armstrong,Ex-Staff,HR,Resigned,2019-10-05
23,KEN10022,Sarah Shaw,Manager,Operations,Resigned,2011-06-06
24,KEN10023,Cynthia Armstrong,Director,ICT,Resigned,2013-12-16
25,KEN10024,Brandon Liu,Staff,Finance,Resigned,2015-07-14
26,KEN10025,Albert Hurley,Ex-Staff,Finance,Resigned,2019-07-26
27,KEN10026,Brenda Bailey,Director,ICT,Retired,2014-02-12
28,KEN10027,Elizabeth Thomas,Manager,Operations,Retired,2021-05-11
29,KEN10028,Amber Suarez,Ex-Staff,Finance,Active,2023-08-15
30,KEN10029,Diane White,Manager,Engineering,Active,2022-12-07
31,KEN10030,Brianna Salazar,Ex-Staff,Finance,Active,2020-09-06
32,KEN10031,Joseph Meadows,Staff,ICT,Resigned,2019-11-20
33,KEN10032,Diana Hart,Staff,Finance,Active,2018-11-29
34,KEN10033,Stacy Stevenson,Staff,HR,Resigned,2020-09-19
35,KEN10034,Shawna Malone,Manager,Finance,Active,2020-12-09
36,KEN10035,Lisa Padilla,Ex-Staff,HR,Retired,2014-07-02
37,KEN10036,Veronica Walker,Manager,Finance,Active,2020-02-20
38,KEN10037,Arthur Adams,Ex-Staff,ICT,Retired,2018-08-01
39,KEN10038,Scott Edwards,Director,Operations,Retired,2019-01-12
40,KEN10039,Felicia Butler,Staff,Finance,Active,2019-07-22
41,KEN10040,Ashley Ho,Staff,HR,Active,2022-02-19
42,KEN10041,Stanley Perez,Manager,HR,Resigned,2012-06-13
43,KEN10042,Christopher Jackson,Director,Finance,Resigned,2023-05-24
44,KEN10043,Holly Ellis,Director,Finance,Resigned,2012-09-24
45,KEN10044,Peter Thomas,Director,Finance,Retired,2016-10-29
46,KEN10045,Victoria Taylor,Manager,HR,Resigned,2024-09-18
47,KEN10046,James Moody,Manager,Finance,Active,2025-02-14
48,KEN10047,Keith Reed,Staff,Engineering,Resigned,2020-07-19
49,KEN10048,Rachel Henderson,Ex-Staff,Engineering,Retired,2015-04-14
50,KEN10049,Juan Mendoza,Ex-Staff,Operations,Retired,2024-02-10
51,KEN10050,Autumn Arnold,Manager,Finance,Retired,2018-10-26
52,KEN10051,Calvin Rosales,Director,Operations,Active,2022-09-11
53,KEN10052,Lisa Robinson,Director,Operations,Retired,2020-11-21
54,KEN10053,Brooke Meadows,Staff,ICT,Resigned,2019-03-19
55,KEN10054,Sherry Lopez,Manager,Engineering,Active,2017-10-20
56,KEN10055,Bradley Grant PhD,Director,Finance,Active,2022-04-07
57,KEN10056,Nathaniel Randolph,Staff,Finance,Active,2011-11-30
58,KEN10057,Jason Carter,Staff,Finance,Active,2023-01-13
59,KEN10058,Terry Larson,Manager,ICT,Retired,2012-04-06
60,KEN10059,Charles Hogan,Manager,ICT,Resigned,2023-07-20
61,KEN10060,Melinda Moore,Ex-Staff,ICT,Retired,2013-01-29
62,KEN10061,Jeffrey Ford,Ex-Staff,Engineering,Retired,2018-04-01
63,KEN10062,Alexis Palmer,Director,HR,Resigned,2014-03-10
64,KEN10063,Ryan Knox,Manager,ICT,Resigned,2018-07-23
65,KEN10064,Julie Solomon,Manager,ICT,Retired,2016-10-14
66,KEN10065,Jacob Wright,Director,Engineering,Resigned,2016-05-13
67,KEN10066,Robert Taylor,Ex-Staff,Engineering,Retired,2018-11-08
68,KEN10067,Gregory Mason,Manager,HR,Retired,2023-10-13
69,KEN10068,Sheryl Gonzalez,Director,Engineering,Active,2015-01-14
70,KEN10069,Jordan Schultz,Staff,Operations,Resigned,2020-10-19
71,KEN10070,Gabriela Gill,Ex-Staff,Operations,Retired,2013-08-23
72,KEN10071,Jared Mckinney,Staff,Engineering,Retired,2015-04-14
73,KEN10072,Madeline Murray,Staff,Operations,Active,2024-02-14
74,KEN10073,Benjamin Anderson,Director,Engineering,Resigned,2017-01-17
75,KEN10074,Gregory Thompson,Staff,Operations,Retired,2015-04-20
76,KEN10075,Kaitlyn Gomez,Ex-Staff,ICT,Retired,2017-05-07
77,KEN10076,Cody Booth,Staff,Finance,Active,2024-03-12
78,KEN10077,Amanda Miller,Ex-Staff,Engineering,Active,2019-10-12
79,KEN10078,Michael Hart,Ex-Staff,ICT,Retired,2018-01-04
80,KEN10079,Franklin Blair,Manager,Finance,Resigned,2015-08-16
81,KEN10080,Amy Moore,Director,Operations,Active,2015-08-03
82,KEN10081,Lisa Barrett,Director,Operations,Resigned,2022-08-01
83,KEN10082,Ronald Chambers,Director,Finance,Active,2023-12-20
84,KEN10083,Chelsea Baker,Staff,Engineering,Active,2012-02-01
85,KEN10084,Lynn Smith,Staff,Operations,Retired,2012-10-31
86,KEN10085,Brian Tanner,Director,HR,Resigned,2011-07-26
87,KEN10086,Leah Bryant,Staff,Engineering,Active,2023-12-12
88,KEN10087,Sandra Mendez,Ex-Staff,ICT,Resigned,2012-10-29
89,KEN10088,Rodney Molina,Ex-Staff,ICT,Retired,2015-01-26
90,KEN10089,Austin Thomas,Manager,ICT,Retired,2015-09-15
91,KEN10090,Carol Waters,Manager,Operations,Active,2019-05-04
92,KEN10091,Edward Wang,Ex-Staff,Engineering,Active,2025-02-23
93,KEN10092,Steven Hendrix,Director,ICT,Retired,2013-01-28
94,KEN10093,Edward Benson,Manager,Finance,Active,2016-01-18
95,KEN10094,Susan Miller,Director,Operations,Resigned,2018-05-01
96,KEN10095,Jose Newman,Ex-Staff,Engineering,Resigned,2017-07-22
97,KEN10096,Richard Oliver,Ex-Staff,ICT,Active,2021-04-16
98,KEN10097,Brandon Howard,Manager,Engineering,Retired,2022-07-29
99,KEN10098,Jacob Johnson,Staff,Engineering,Resigned,2021-08-20
100,KEN10099,Nicole Gilmore,Ex-Staff,HR,Retired,2012-08-23
101,KEN10100,Erica Torres MD,Staff,HR,Retired,2019-07-20
102,KEN10101,Virginia Mitchell,Ex-Staff,Finance,Resigned,2019-05-18
103,KEN10102,Tammy Conner,Manager,Engineering,Active,2021-02-04
104,KEN10103,Leslie Miller,Manager,ICT,Resigned,2013-11-13
105,KEN10104,Jacob Berry,Director,HR,Active,2023-03-29
106,KEN10105,Leonard Lee,Manager,Operations,Active,2021-04-05
107,KEN10106,Tracie Ingram,Manager,Finance,Retired,2018-07-24
108,KEN10107,James Miller,Staff,HR,Resigned,2013-08-08
109,KEN10108,Jennifer Mooney,Director,Finance,Resigned,2015-11-13
110,KEN10109,Christina Watson,Staff,HR,Retired,2025-01-24
111,KEN10110,Kevin Benjamin,Staff,Engineering,Active,2024-11-17
112,KEN10111,Kenneth Garcia,Director,Finance,Active,2019-05-13
113,KEN10112,Grant Hill,Manager,HR,Retired,2024-03-10
114,KEN10113,Mary Castillo,Manager,HR,Resigned,2018-04-17
115,KEN10114,Alexis Montgomery,Director,HR,Retired,2025-04-15
116,KEN10115,Carl Leach,Manager,ICT,Retired,2024-04-01
117,KEN10116,Jamie Sanchez,Manager,Engineering,Resigned,2025-02-01
118,KEN10117,Edward Thompson,Director,Operations,Retired,2024-05-15
119,KEN10118,Robert Kane,Staff,Operations,Active,2016-01-18
120,KEN10119,Jerome Young,Staff,Finance,Active,2012-02-19
121,KEN10120,Whitney Johnson,Ex-Staff,Engineering,Retired,2024-07-04
122,KEN10121,Brett Wells,Ex-Staff,ICT,Active,2018-12-19
123,KEN10122,Charles White,Manager,Finance,Retired,2019-12-27
124,KEN10123,Tina Atkinson,Staff,Engineering,Resigned,2020-07-22
125,KEN10124,Janet Wright,Manager,Engineering,Resigned,2017-12-15
126,KEN10125,Ashley Sanchez,Staff,Finance,Active,2018-11-27
127,KEN10126,Meredith Garrett,Ex-Staff,HR,Retired,2019-05-09
128,KEN10127,Jordan Fuller,Director,ICT,Retired,2020-11-29
129,KEN10128,Jason Gonzalez,Manager,HR,Active,2021-11-12
130,KEN10129,Kimberly Phillips,Manager,Engineering,Retired,2016-12-08
131,KEN10130,Ivan Davis,Director,Engineering,Retired,2020-11-12
132,KEN10131,Trevor Thompson,Director,Operations,Resigned,2024-05-05
133,KEN10132,Gina Bowen,Director,Finance,Resigned,2023-10-06
134,KEN10133,Theresa Fields,Ex-Staff,Engineering,Retired,2013-01-11
135,KEN10134,Nicole Zavala,Director,Operations,Retired,2016-12-11
136,KEN10135,Victor Moore,Director,ICT,Retired,2019-05-30
137,KEN10136,Ian Evans,Staff,Finance,Retired,2011-05-29
138,KEN10137,Matthew Sanford,Ex-Staff,Finance,Retired,2021-01-27
139,KEN10138,Corey Richardson,Manager,ICT,Active,2013-01-04
140,KEN10139,Brian Anderson,Manager,HR,Active,2013-06-28
141,KEN10140,Amy Knapp,Director,ICT,Retired,2020-10-20
142,KEN10141,Paula Graves,Manager,Engineering,Retired,2023-08-03
143,KEN10142,Carla Robertson,Director,ICT,Retired,2018-04-10
144,KEN10143,Kristen Duncan,Staff,Finance,Active,2024-01-29
145,KEN10144,Travis Dillon,Manager,Operations,Active,2015-12-28
146,KEN10145,Robert White,Staff,Finance,Active,2015-01-14
147,KEN10146,Christina Martinez,Director,Engineering,Active,2017-02-11
148,KEN10147,Cody Grant,Staff,ICT,Retired,2024-11-06
149,KEN10148,Christine Smith,Director,HR,Retired,2016-12-01
150,KEN10149,Julie Smith,Staff,HR,Resigned,2015-12-17
151,KEN10150,Ryan Ramsey,Staff,Finance,Resigned,2022-02-16
152,KEN10151,Tammy Sanchez,Director,HR,Active,2016-09-18
153,KEN10152,Matthew Martinez,Staff,ICT,Retired,2020-07-21
154,KEN10153,Dawn Aguilar,Director,Finance,Retired,2022-07-23
155,KEN10154,Alan Lopez,Ex-Staff,Operations,Resigned,2024-10-07
156,KEN10155,Brandon Reyes,Manager,HR,Resigned,2018-01-10
157,KEN10156,Jennifer Oliver,Manager,Finance,Retired,2012-03-24
158,KEN10157,Rachel Shah,Staff,Engineering,Active,2021-06-01
159,KEN10158,Leslie Turner,Manager,ICT,Retired,2017-03-02
160,KEN10159,Jennifer Brown,Manager,Operations,Retired,2012-09-19
161,KEN10160,Raymond Petersen,Manager,HR,Resigned,2023-03-02
162,KEN10161,Christopher Stewart,Staff,Finance,Retired,2016-09-29
163,KEN10162,Rhonda Gomez,Manager,Finance,Retired,2012-02-23
164,KEN10163,Mrs. Christina Williams,Staff,Finance,Retired,2012-11-10
165,KEN10164,Christine Young,Director,Operations,Resigned,2011-09-26
166,KEN10165,Joel Smith,Ex-Staff,Engineering,Resigned,2022-03-02
167,KEN10166,Kyle Perez,Manager,Engineering,Retired,2016-10-07
168,KEN10167,Lisa Wilson,Staff,Finance,Resigned,2024-09-15
169,KEN10168,Ashley Pugh,Director,Operations,Resigned,2020-05-05
170,KEN10169,Gilbert Nielsen,Director,Finance,Retired,2020-11-18
171,KEN10170,Stephanie Henry,Manager,Operations,Retired,2016-12-27
172,KEN10171,Gregory Smith,Staff,HR,Retired,2011-07-07
173,KEN10172,Lorraine Harris,Manager,ICT,Active,2020-02-13
174,KEN10173,James Harris,Director,HR,Resigned,2020-02-06
175,KEN10174,Christopher Bright,Staff,Engineering,Active,2013-04-11
176,KEN10175,Dustin Lewis,Manager,Operations,Active,2016-11-20
177,KEN10176,Charles Sanders,Staff,Operations,Active,2022-07-06
178,KEN10177,Andrew Juarez,Staff,Operations,Resigned,2025-03-09
179,KEN10178,Trevor Anderson,Staff,Engineering,Active,2014-01-17
180,KEN10179,Deanna Johnson,Ex-Staff,ICT,Active,2013-02-28
181,KEN10180,Jeremy Robertson,Staff,Operations,Active,2021-02-23
182,KEN10181,Carolyn Gomez,Ex-Staff,HR,Active,2021-02-13
183,KEN10182,Lisa Schaefer,Staff,Finance,Resigned,2023-10-14
184,KEN10183,Crystal Christensen,Staff,Engineering,Active,2023-10-26
185,KEN10184,Bryan Allen,Ex-Staff,HR,Active,2023-12-24
186,KEN10185,Rhonda Tran,Manager,ICT,Active,2020-08-15
187,KEN10186,Sarah Gonzalez,Staff,ICT,Active,2018-05-07
188,KEN10187,Mary Rodriguez,Staff,ICT,Retired,2011-09-07
189,KEN10188,Richard Gardner,Staff,Engineering,Retired,2023-07-05
190,KEN10189,Jennifer Becker,Ex-Staff,ICT,Retired,2015-07-10
191,KEN10190,Joshua Evans,Director,Engineering,Resigned,2020-11-24
192,KEN10191,Stephanie Sparks,Staff,HR,Retired,2019-03-06
193,KEN10192,Alisha Navarro,Staff,Finance,Active,2019-06-08
194,KEN10193,Helen Thomas,Director,HR,Retired,2024-08-22
195,KEN10194,Anthony Christian,Director,Operations,Active,2023-08-02
196,KEN10195,Brett Foster,Ex-Staff,Engineering,Retired,2018-06-21
197,KEN10196,Shannon Kennedy,Ex-Staff,Engineering,Resigned,2018-08-04
198,KEN10197,Amber Jordan,Ex-Staff,HR,Active,2015-01-14
199,KEN10198,Jacob Mcbride,Ex-Staff,ICT,Active,2016-09-09
200,KEN10199,Elaine Daniel,Ex-Staff,HR,Retired,2013-12-08
201,KEN10200,David Bond,Director,Engineering,Active,2024-11-05
202,KEN10201,Amy Evans,Staff,Finance,Active,2018-08-21
203,KEN10202,Rachel Greer,Staff,Operations,Resigned,2015-08-14
204,KEN10203,Marcus Ortega,Ex-Staff,HR,Retired,2014-10-21
205,KEN10204,Jeffrey Mccall,Ex-Staff,HR,Retired,2014-09-24
206,KEN10205,Jeffrey Carroll,Ex-Staff,Engineering,Retired,2020-04-13
207,KEN10206,Dana Harper,Staff,Finance,Resigned,2022-06-29
208,KEN10207,Cheryl Roberson,Ex-Staff,Operations,Retired,2015-02-25
209,KEN10208,Rodney Peters,Director,HR,Retired,2024-07-14
210,KEN10209,Michael Pearson,Staff,HR,Active,2015-02-26
211,KEN10210,Charles Johnson,Director,ICT,Resigned,2024-10-13
212,KEN10211,James Humphrey,Director,Operations,Active,2015-07-21
213,KEN10212,Stephanie Jones,Ex-Staff,ICT,Retired,2016-07-03
214,KEN10213,Joshua Salinas,Manager,ICT,Active,2018-01-31
215,KEN10214,Megan Scott,Ex-Staff,HR,Active,2012-02-07
216,KEN10215,Susan Dunn,Staff,Finance,Resigned,2016-08-18
217,KEN10216,Brandon Mcfarland,Staff,ICT,Retired,2015-07-31
218,KEN10217,Daniel Mason,Manager,Engineering,Retired,2023-11-06
219,KEN10218,Terri Thomas,Staff,ICT,Resigned,2019-07-11
220,KEN10219,George Cole,Staff,ICT,Active,2014-12-05
221,KEN10220,Travis Hernandez,Manager,Finance,Resigned,2022-01-26
222,KEN10221,Catherine Mendez,Ex-Staff,Finance,Retired,2014-11-20
223,KEN10222,Nicholas Silva,Ex-Staff,ICT,Active,2015-02-25
224,KEN10223,Rita Bird,Manager,Operations,Active,2019-04-09
225,KEN10224,Thomas Newman,Manager,Operations,Active,2022-11-14
226,KEN10225,Thomas Giles,Director,Engineering,Active,2024-04-05
227,KEN10226,Matthew Campbell,Director,Operations,Retired,2018-08-21
228,KEN10227,Mercedes Franklin,Director,Engineering,Resigned,2014-12-22
229,KEN10228,Stephen Morrison,Director,HR,Retired,2016-07-01
230,KEN10229,Vincent Delgado,Ex-Staff,HR,Active,2015-01-30
231,KEN10230,John Miller,Staff,Engineering,Resigned,2019-02-08
232,KEN10231,Juan Bradford,Staff,ICT,Resigned,2022-12-24
233,KEN10232,Carolyn King,Manager,HR,Active,2013-09-29
234,KEN10233,Terry Smith,Ex-Staff,Operations,Resigned,2011-07-06
235,KEN10234,Kaylee Boone,Ex-Staff,Finance,Active,2021-05-25
236,KEN10235,Bryan Newton,Staff,Operations,Active,2013-04-24
237,KEN10236,Melissa Warren,Ex-Staff,Engineering,Resigned,2015-06-15
238,KEN10237,Rebecca Rosario,Director,ICT,Active,2014-07-25
239,KEN10238,Brittany Morris,Director,Operations,Resigned,2017-07-05
240,KEN10239,Sarah Gutierrez,Staff,Engineering,Resigned,2022-04-17
241,KEN10240,Troy Cordova,Director,HR,Retired,2018-06-16
242,KEN10241,Shawna Higgins,Manager,Engineering,Resigned,2014-05-03
243,KEN10242,Joseph Williams,Director,Finance,Retired,2019-06-25
244,KEN10243,Tammy Harris,Director,Operations,Retired,2021-06-19
245,KEN10244,Phillip Gregory,Manager,HR,Retired,2022-08-01
246,KEN10245,Erin Gutierrez,Director,Operations,Retired,2025-02-24
247,KEN10246,Michael Ward,Manager,Finance,Retired,2012-01-21
248,KEN10247,Pamela Dunn,Director,ICT,Retired,2021-10-29
249,KEN10248,Rhonda Garcia,Manager,Operations,Active,2021-02-25
250,KEN10249,Eric Mccullough,Ex-Staff,HR,Resigned,2020-03-29
251,KEN10250,Sharon Pittman,Ex-Staff,ICT,Active,2020-01-07
252,KEN10251,Andrew Johnson,Staff,HR,Active,2024-08-24
253,KEN10252,Rachel Vang,Ex-Staff,Finance,Active,2016-06-22
254,KEN10253,Timothy Miles,Manager,Finance,Resigned,2019-12-03
255,KEN10254,Louis Hernandez,Staff,ICT,Retired,2011-09-05
256,KEN10255,Joshua Rogers,Ex-Staff,Engineering,Retired,2012-11-26
257,KEN10256,Antonio Medina,Ex-Staff,Engineering,Resigned,2023-11-06
258,KEN10257,Miss Erica Martinez,Manager,Finance,Resigned,2019-01-31
259,KEN10258,Bobby Gilmore,Director,Engineering,Resigned,2022-11-04
260,KEN10259,Timothy Wade,Staff,Finance,Resigned,2013-01-29
261,KEN10260,Amanda Zhang,Manager,Finance,Retired,2021-07-26
262,KEN10261,Patricia Barber,Ex-Staff,Finance,Resigned,2024-01-26
263,KEN10262,Michael Moore,Ex-Staff,Operations,Resigned,2019-05-30
264,KEN10263,Brittany Delacruz,Staff,Engineering,Retired,2017-10-30
265,KEN10264,Sandra Wolfe,Staff,Engineering,Retired,2023-11-09
266,KEN10265,Anna Davis,Staff,Engineering,Retired,2012-12-03
267,KEN10266,Steven Williams,Staff,Operations,Retired,2022-10-24
268,KEN10267,Donna James,Director,Finance,Retired,2017-06-22
269,KEN10268,Gary Walker,Manager,ICT,Retired,2020-08-20
270,KEN10269,Matthew Dawson,Manager,Operations,Retired,2018-11-13
271,KEN10270,Crystal Wilson,Ex-Staff,HR,Resigned,2022-06-18
272,KEN10271,Gregory Ward,Manager,Finance,Active,2021-05-08
273,KEN10272,Adrian Hobbs,Staff,Finance,Retired,2015-09-27
274,KEN10273,John Bailey,Director,Engineering,Retired,2023-07-06
275,KEN10274,Raymond Jones,Ex-Staff,ICT,Resigned,2024-09-30
276,KEN10275,Michael Harris PhD,Ex-Staff,Engineering,Resigned,2014-02-21
277,KEN10276,Derek Miller,Director,HR,Resigned,2011-06-24
278,KEN10277,Samantha Schmidt,Manager,Engineering,Resigned,2023-12-04
279,KEN10278,Michael Daniel,Ex-Staff,Finance,Retired,2024-03-04
280,KEN10279,Kathleen Joyce,Director,Finance,Retired,2017-05-05
281,KEN10280,James Nelson,Manager,HR,Retired,2014-04-11
282,KEN10281,Debbie Hayes,Director,Finance,Retired,2012-10-18
283,KEN10282,Jonathan Bryant,Ex-Staff,HR,Active,2021-08-30
284,KEN10283,Mark Spencer,Staff,Finance,Retired,2020-11-29
285,KEN10284,Carlos Kelly,Manager,Operations,Active,2015-05-03
286,KEN10285,Joseph Rogers,Director,Engineering,Active,2014-06-18
287,KEN10286,Christina Marsh,Director,Engineering,Retired,2013-12-02
288,KEN10287,Jeffrey Keith,Director,HR,Retired,2019-12-07
289,KEN10288,Tracie Murphy,Ex-Staff,Finance,Resigned,2024-04-12
290,KEN10289,Eric Estrada,Director,HR,Resigned,2013-03-02
291,KEN10290,Nicole Torres,Director,Operations,Active,2014-02-24
292,KEN10291,Daniel Smith,Staff,Engineering,Resigned,2013-10-11
293,KEN10292,Dr. Christina Flores,Ex-Staff,Operations,Resigned,2022-02-16
294,KEN10293,Paula Smith,Staff,HR,Retired,2012-09-01
295,KEN10294,Holly Watson,Staff,Engineering,Retired,2013-05-14
296,KEN10295,Kaitlin Miller,Director,Engineering,Resigned,2019-07-05
297,KEN10296,Amanda King,Ex-Staff,Operations,Active,2019-08-15
298,KEN10297,Stephanie Tucker,Director,ICT,Retired,2022-01-07
299,KEN10298,Samantha Flores,Staff,Finance,Retired,2023-09-16
300,KEN10299,Amber Hines,Director,ICT,Resigned,2016-12-07
301,KEN10300,Emily Foster,Ex-Staff,ICT,Active,2020-03-28
302,KEN10301,Sara Hobbs,Manager,HR,Retired,2022-06-14
303,KEN10302,Jessica Ibarra,Director,HR,Retired,2011-08-22
304,KEN10303,Jean Neal,Director,ICT,Retired,2022-04-01
305,KEN10304,Rebecca Smith,Ex-Staff,Engineering,Retired,2013-01-08
306,KEN10305,Carl Cox,Director,Operations,Active,2021-12-01
307,KEN10306,Terri Preston,Ex-Staff,Finance,Retired,2014-10-27
308,KEN10307,Dana Johnson,Ex-Staff,HR,Active,2018-12-02
309,KEN10308,James Weaver,Director,Operations,Active,2020-03-19
310,KEN10309,Lee Anderson,Staff,HR,Resigned,2023-01-17
311,KEN10310,Sarah Moreno,Ex-Staff,ICT,Active,2023-09-15
312,KEN10311,Stacey Trevino,Director,HR,Resigned,2013-04-07
313,KEN10312,Ryan Bass,Director,Engineering,Active,2022-10-28
314,KEN10313,Eric Gray,Director,HR,Retired,2023-04-17
315,KEN10314,Kaitlin Floyd,Staff,HR,Retired,2012-10-26
316,KEN10315,Alan Todd,Ex-Staff,ICT,Active,2015-12-27
317,KEN10316,Erin Smith,Director,HR,Active,2020-07-19
318,KEN10317,William Hahn,Ex-Staff,Finance,Retired,2014-04-07
319,KEN10318,Tiffany Robinson,Staff,HR,Retired,2013-04-09
320,KEN10319,Kathryn Smith,Manager,ICT,Active,2020-12-26
321,KEN10320,Dennis Marquez,Staff,Finance,Retired,2013-04-06
322,KEN10321,Kathryn Hinton,Ex-Staff,HR,Resigned,2022-07-21
323,KEN10322,Sara Mendoza,Director,Finance,Resigned,2012-12-04
324,KEN10323,Jennifer Obrien,Manager,ICT,Active,2013-03-01
325,KEN10324,Carly Christian,Ex-Staff,Finance,Active,2024-07-21
326,KEN10325,Randy Hill,Manager,Operations,Resigned,2021-04-13
327,KEN10326,Jesus Jackson,Director,Operations,Resigned,2013-01-26
328,KEN10327,Madison Stout,Director,Operations,Active,2021-06-22
329,KEN10328,Jose Lopez,Ex-Staff,Engineering,Resigned,2020-12-13
330,KEN10329,Albert Rivas,Manager,HR,Resigned,2016-02-07
331,KEN10330,Christopher Pena,Ex-Staff,Engineering,Active,2019-01-11
332,KEN10331,Pamela Ibarra,Manager,Operations,Resigned,2014-11-04
333,KEN10332,April Elliott,Director,Finance,Active,2020-01-21
334,KEN10333,Cody Anderson,Manager,Finance,Resigned,2018-06-21
335,KEN10334,Debra Best,Staff,Operations,Retired,2014-07-13
336,KEN10335,Anthony Ortega,Director,HR,Resigned,2014-10-19
337,KEN10336,Rebecca Molina,Staff,ICT,Active,2018-01-03
338,KEN10337,David Best,Staff,Operations,Retired,2025-01-28
339,KEN10338,Erin Singh,Director,ICT,Retired,2021-10-29
340,KEN10339,Kevin Mckay,Staff,HR,Resigned,2023-04-15
341,KEN10340,Anthony Clark,Manager,ICT,Retired,2024-11-15
342,KEN10341,Thomas Wilkins,Director,HR,Resigned,2014-12-29
343,KEN10342,Derrick Beck,Director,HR,Resigned,2018-10-07
344,KEN10343,Ashley Gonzalez,Staff,Finance,Active,2013-09-24
345,KEN10344,Mrs. Kim Palmer,Manager,Operations,Active,2017-10-04
346,KEN10345,Melissa Green,Ex-Staff,Finance,Active,2018-08-06
347,KEN10346,Sarah Robinson,Manager,Finance,Retired,2011-04-23
348,KEN10347,Jeffrey Ball,Director,Finance,Resigned,2022-03-21
349,KEN10348,Amanda Huerta,Director,Finance,Retired,2019-04-04
350,KEN10349,Cody Robinson,Staff,Engineering,Resigned,2014-01-14
351,KEN10350,Tammy Webster,Director,Engineering,Active,2017-07-28
352,KEN10351,Dana Murray,Staff,Engineering,Active,2017-11-03
353,KEN10352,Veronica Trevino,Staff,HR,Active,2014-08-02
354,KEN10353,Stephanie Wallace,Director,ICT,Active,2021-08-26
355,KEN10354,Kimberly Mcdaniel MD,Director,Engineering,Active,2019-06-13
356,KEN10355,Jacob Stevens,Ex-Staff,Operations,Resigned,2016-09-08
357,KEN10356,Amanda Conner,Director,Finance,Active,2024-06-13
358,KEN10357,John Wheeler,Manager,Finance,Resigned,2014-02-11
359,KEN10358,William Hensley,Manager,HR,Retired,2014-10-28
360,KEN10359,Wendy Jones,Ex-Staff,Engineering,Resigned,2015-07-28
361,KEN10360,Tamara Cook,Staff,Operations,Active,2011-04-24
362,KEN10361,Sharon Harris,Ex-Staff,ICT,Retired,2023-04-29
363,KEN10362,Debra Walker,Ex-Staff,Operations,Active,2014-07-10
364,KEN10363,Henry Gray,Staff,HR,Active,2015-08-18
365,KEN10364,Crystal Wagner,Staff,Engineering,Resigned,2016-05-05
366,KEN10365,Karen Mccarty,Manager,ICT,Retired,2011-05-26
367,KEN10366,Shannon Odom,Ex-Staff,Operations,Active,2014-12-29
368,KEN10367,Amanda Christensen,Staff,ICT,Resigned,2018-01-01
369,KEN10368,Kathryn Downs,Staff,Engineering,Active,2023-05-01
370,KEN10369,Russell Wells,Ex-Staff,Engineering,Resigned,2015-05-25
371,KEN10370,Adrian Howell,Staff,Finance,Active,2014-10-06
372,KEN10371,Danielle Castillo,Director,Operations,Resigned,2022-10-21
373,KEN10372,Jesse Martinez,Director,Operations,Retired,2022-02-06
374,KEN10373,Michael Graves,Staff,Engineering,Active,2019-11-29
375,KEN10374,Erin Chen,Manager,ICT,Active,2011-05-03
376,KEN10375,Lisa Johnson,Staff,HR,Resigned,2017-07-13
377,KEN10376,Gregory Peck,Staff,Operations,Retired,2020-04-18
378,KEN10377,Stephanie Willis,Staff,Engineering,Resigned,2017-05-14
379,KEN10378,Jeremiah Flynn,Director,HR,Active,2024-06-30
380,KEN10379,Teresa Hines,Ex-Staff,ICT,Active,2023-12-14
381,KEN10380,Sherry Collins,Director,Operations,Active,2021-10-10
382,KEN10381,Lance Evans,Manager,HR,Retired,2014-10-06
383,KEN10382,Matthew Vazquez,Staff,Operations,Active,2021-08-07
384,KEN10383,Melissa Bailey,Director,Finance,Resigned,2022-11-03
385,KEN10384,Christine Jones,Director,ICT,Active,2018-11-30
386,KEN10385,John Coleman,Staff,HR,Active,2011-08-23
387,KEN10386,Natalie Cunningham,Director,ICT,Resigned,2014-06-17
388,KEN10387,Lauren Peters,Ex-Staff,Operations,Resigned,2024-05-28
389,KEN10388,Brian Becker,Director,Operations,Resigned,2014-08-15
390,KEN10389,Jennifer Garcia,Director,HR,Retired,2020-06-24
391,KEN10390,Ryan Brown,Manager,HR,Resigned,2014-05-13
392,KEN10391,Destiny Davis,Ex-Staff,Finance,Active,2012-06-14
393,KEN10392,Jennifer Phelps,Ex-Staff,Operations,Retired,2021-07-02
394,KEN10393,Katherine Walker,Ex-Staff,Finance,Resigned,2015-03-31
395,KEN10394,John Mason,Ex-Staff,ICT,Resigned,2013-08-27
396,KEN10395,Steven Vasquez,Ex-Staff,HR,Retired,2015-03-26
397,KEN10396,Nicholas Brewer,Director,HR,Resigned,2017-05-23
398,KEN10397,Dr. Ann Smith,Director,HR,Active,2019-02-15
399,KEN10398,Doris Burgess,Ex-Staff,ICT,Resigned,2023-05-01
400,KEN10399,Debbie Kim,Ex-Staff,Finance,Retired,2016-02-21
401,KEN10400,Kimberly Whitaker,Ex-Staff,HR,Resigned,2023-01-28
402,KEN10401,Christine Wilson,Manager,HR,Resigned,2024-10-12
403,KEN10402,Joseph Sullivan,Ex-Staff,Finance,Resigned,2021-03-13
404,KEN10403,Phillip Little,Director,HR,Resigned,2019-11-08
405,KEN10404,Lawrence Wood,Ex-Staff,HR,Resigned,2017-07-15
406,KEN10405,Monica Wilson,Staff,Finance,Active,2024-04-11
407,KEN10406,Ashley Henson,Manager,HR,Retired,2025-02-15
408,KEN10407,Tammy Clark,Director,ICT,Retired,2018-08-11
409,KEN10408,Richard Reed,Staff,Operations,Active,2021-02-15
410,KEN10409,Jason Jordan,Staff,ICT,Retired,2022-02-27
411,KEN10410,Jerry Carpenter,Manager,Operations,Active,2012-09-15
412,KEN10411,Denise Hartman,Staff,Engineering,Active,2022-11-12
413,KEN10412,Regina Clark,Ex-Staff,Engineering,Resigned,2022-09-19
414,KEN10413,Susan Delgado,Director,ICT,Active,2016-08-22
415,KEN10414,Jessica Wilson MD,Staff,HR,Resigned,2016-04-21
416,KEN10415,Kelsey Barnett,Director,HR,Retired,2015-10-19
417,KEN10416,Sean Maldonado,Staff,Operations,Resigned,2013-08-26
418,KEN10417,Kevin Payne,Manager,ICT,Active,2016-03-09
419,KEN10418,Diana Stafford,Director,Finance,Active,2014-03-16
420,KEN10419,Jeanne Jenkins,Manager,Finance,Retired,2021-07-06
421,KEN10420,Sherry Lyons,Ex-Staff,HR,Resigned,2023-05-02
422,KEN10421,Amanda Olson,Director,Finance,Retired,2023-12-29
423,KEN10422,Michael Hall,Ex-Staff,HR,Resigned,2018-09-25
424,KEN10423,Cory Lewis,Staff,HR,Active,2019-11-30
425,KEN10424,Duane Baxter,Ex-Staff,Finance,Active,2014-03-04
426,KEN10425,Joseph Morales,Manager,ICT,Resigned,2013-07-02
427,KEN10426,Ryan Perez,Manager,Engineering,Resigned,2016-05-20
428,KEN10427,Natalie Brown,Manager,Operations,Resigned,2024-09-25
429,KEN10428,Anthony Ayala,Manager,HR,Resigned,2020-02-20
430,KEN10429,Casey Shaffer,Ex-Staff,HR,Retired,2011-09-16
431,KEN10430,Joseph Rodgers,Director,Engineering,Active,2016-12-17
432,KEN10431,Robert Jackson,Ex-Staff,Operations,Resigned,2015-05-27
433,KEN10432,Jeremy Edwards,Ex-Staff,Finance,Retired,2018-02-25
434,KEN10433,Kathleen Ellis,Staff,Finance,Resigned,2023-02-14
435,KEN10434,David Wright,Staff,Engineering,Retired,2020-05-06
436,KEN10435,Michael Russo,Ex-Staff,Engineering,Active,2019-06-13
437,KEN10436,Victor Wright,Director,Engineering,Retired,2019-05-09
438,KEN10437,Kathryn Lane,Manager,Operations,Resigned,2015-01-29
439,KEN10438,Kenneth Collins,Staff,ICT,Active,2011-05-12
440,KEN10439,Mrs. Lisa Smith,Ex-Staff,Operations,Resigned,2022-11-25
441,KEN10440,Cindy Chapman,Ex-Staff,Engineering,Retired,2020-05-27
442,KEN10441,Randy Berger,Manager,Finance,Retired,2017-10-05
443,KEN10442,Melissa Young,Director,ICT,Active,2012-10-22
444,KEN10443,Carrie Davis,Staff,ICT,Retired,2023-08-15
445,KEN10444,Colton Daniels,Ex-Staff,Operations,Retired,2022-01-23
446,KEN10445,Steven Chapman,Manager,ICT,Retired,2011-12-12
447,KEN10446,Sandra Wells,Staff,Finance,Resigned,2020-02-11
448,KEN10447,Nathan Johnson,Manager,ICT,Retired,2012-12-09
449,KEN10448,Jason Jones,Director,Operations,Active,2021-07-07
450,KEN10449,Mark Johnson,Manager,Finance,Resigned,2012-12-05
451,KEN10450,Lindsay Reeves,Ex-Staff,Operations,Retired,2019-04-27
452,KEN10451,Jennifer Kelly,Director,ICT,Resigned,2013-06-12
453,KEN10452,Samuel Carney,Director,ICT,Active,2016-05-22
454,KEN10453,Kyle Morales,Ex-Staff,ICT,Resigned,2018-02-19
455,KEN10454,Jason Williams,Director,Finance,Retired,2013-04-04
456,KEN10455,Roy Miller,Ex-Staff,Finance,Resigned,2014-05-28
457,KEN10456,Shaun Ramos,Staff,Operations,Resigned,2018-12-03
458,KEN10457,Brian Myers,Staff,ICT,Retired,2012-02-20
459,KEN10458,Lauren Torres,Manager,Engineering,Resigned,2018-08-06
460,KEN10459,Jeremy Hopkins,Ex-Staff,Finance,Resigned,2014-01-06
461,KEN10460,Erica Proctor,Ex-Staff,Finance,Resigned,2013-10-28
462,KEN10461,Nathan Davidson,Ex-Staff,Operations,Resigned,2016-05-04
463,KEN10462,Jennifer Martin,Ex-Staff,ICT,Active,2012-06-16
464,KEN10463,Christopher Berry,Director,Operations,Active,2020-02-23
465,KEN10464,Daniel Combs,Ex-Staff,Operations,Retired,2011-06-21
466,KEN10465,Kristin Coleman,Manager,HR,Retired,2018-04-18
467,KEN10466,Joshua Smith,Staff,Operations,Active,2017-01-22
468,KEN10467,Michael King,Ex-Staff,Finance,Retired,2014-10-13
469,KEN10468,Ronald Cherry II,Ex-Staff,ICT,Retired,2017-09-28
470,KEN10469,Mark Smith,Staff,ICT,Retired,2019-06-20
471,KEN10470,Andrea Lawrence,Staff,Operations,Active,2021-10-03
472,KEN10471,Andrew Vaughn,Ex-Staff,HR,Resigned,2012-02-11
473,KEN10472,Susan Smith,Ex-Staff,Finance,Active,2025-03-06
474,KEN10473,Nancy Forbes,Director,Finance,Active,2022-02-16
475,KEN10474,Diamond Ramos,Ex-Staff,Engineering,Resigned,2025-03-05
476,KEN10475,Eric Lopez,Staff,HR,Active,2019-10-31
477,KEN10476,Courtney Edwards,Manager,ICT,Resigned,2018-07-13
478,KEN10477,Dylan Jackson,Manager,ICT,Resigned,2012-12-13
479,KEN10478,Robert Parker,Manager,Operations,Resigned,2014-02-22
480,KEN10479,Steven Peters,Staff,ICT,Active,2013-05-26
481,KEN10480,Colin Phillips,Staff,HR,Resigned,2011-10-26
482,KEN10481,David Lowe,Ex-Staff,HR,Active,2019-10-21
483,KEN10482,Theresa Clark,Manager,Operations,Active,2014-05-20
484,KEN10483,Roy Castillo,Manager,Engineering,Active,2012-03-27
485,KEN10484,Joseph Edwards,Manager,Finance,Active,2022-11-01
486,KEN10485,Ryan Callahan,Manager,ICT,Active,2011-05-03
487,KEN10486,Robert Hill,Ex-Staff,Engineering,Retired,2025-02-04
488,KEN10487,Sara Frost,Ex-Staff,HR,Retired,2020-05-29
489,KEN10488,Manuel Roberts,Staff,Operations,Retired,2023-08-10
490,KEN10489,Dr. Dana Hodges,Ex-Staff,Operations,Active,2014-01-21
491,KEN10490,Christopher Davis,Director,Engineering,Active,2019-08-06
492,KEN10491,Aimee Medina,Manager,Operations,Resigned,2019-07-27
493,KEN10492,Edwin Jenkins,Manager,HR,Retired,2022-06-03
494,KEN10493,Adam Fry,Staff,Engineering,Resigned,2011-09-06
495,KEN10494,James Hickman,Director,HR,Retired,2020-12-29
496,KEN10495,Daniel Kennedy,Manager,Engineering,Active,2022-11-09
497,KEN10496,Carla Golden,Staff,Engineering,Retired,2017-06-16
498,KEN10497,Mary Walton,Ex-Staff,HR,Active,2016-09-25
499,KEN10498,Patricia Lowe,Director,HR,Resigned,2013-10-20
500,KEN10499,Thomas Meza,Staff,Engineering,Retired,2020-09-01
501,KEN10500,Bradley Barry,Staff,Operations,Retired,2011-08-02
502,KEN10501,Heather Johnson,Staff,ICT,Active,2017-04-14
503,KEN10502,Jason Welch,Staff,ICT,Resigned,2023-05-30
504,KEN10503,Gail Stephenson,Staff,HR,Retired,2016-01-06
505,KEN10504,Jared Reese,Ex-Staff,Operations,Resigned,2015-04-15
506,KEN10505,Brian Davis,Staff,Operations,Active,2021-10-24
507,KEN10506,Laura Williams,Ex-Staff,Operations,Retired,2022-04-06
508,KEN10507,Thomas Miller,Director,Finance,Active,2014-10-11
509,KEN10508,Bonnie Reynolds,Ex-Staff,ICT,Resigned,2018-10-23
510,KEN10509,Emily Stevens,Director,HR,Resigned,2019-11-20
511,KEN10510,Audrey Reid,Director,ICT,Retired,2023-11-11
512,KEN10511,Douglas Collins,Staff,HR,Resigned,2014-03-14
513,KEN10512,Mary Bell MD,Manager,Operations,Retired,2015-03-21
514,KEN10513,Marvin Carson,Staff,HR,Retired,2023-02-22
515,KEN10514,Austin Wilson,Staff,Engineering,Resigned,2025-02-22
516,KEN10515,Audrey Roberts,Director,HR,Active,2018-01-16
517,KEN10516,Mary Robertson,Ex-Staff,Operations,Retired,2017-04-22
518,KEN10517,Keith Rogers,Director,Operations,Resigned,2023-12-14
519,KEN10518,Jennifer Hamilton,Director,ICT,Resigned,2022-02-04
520,KEN10519,James Sanchez,Director,ICT,Retired,2022-05-08
521,KEN10520,Tonya Thomas,Manager,Engineering,Retired,2017-11-07
522,KEN10521,Thomas Phillips,Manager,Engineering,Retired,2021-02-11
523,KEN10522,Kaitlyn Walsh,Staff,ICT,Retired,2012-01-06
524,KEN10523,Emma Arias,Ex-Staff,Engineering,Active,2023-02-20
525,KEN10524,Timothy Williams,Staff,Engineering,Resigned,2012-07-03
526,KEN10525,Suzanne Allen,Manager,Operations,Active,2025-02-16
527,KEN10526,Veronica Robinson,Director,Engineering,Resigned,2018-11-20
528,KEN10527,Victor Brown,Manager,Engineering,Retired,2022-06-17
529,KEN10528,Jennifer Gillespie,Ex-Staff,Engineering,Resigned,2022-04-24
530,KEN10529,Donna Khan,Ex-Staff,Operations,Resigned,2011-10-28
531,KEN10530,Christine Reynolds,Staff,Finance,Active,2024-03-25
532,KEN10531,Dana Grant,Director,Engineering,Active,2019-05-15
533,KEN10532,Melissa Gonzalez,Staff,Finance,Active,2017-06-23
534,KEN10533,Rachel Wright,Staff,Operations,Resigned,2016-08-08
535,KEN10534,Mary Sanders,Director,Operations,Resigned,2019-03-22
536,KEN10535,Linda Wolf,Manager,ICT,Resigned,2014-12-02
537,KEN10536,Brittany Young,Director,ICT,Active,2018-02-10
538,KEN10537,Daniel Bass,Ex-Staff,Engineering,Resigned,2022-02-12
539,KEN10538,Alan Taylor,Director,Engineering,Retired,2019-09-17
540,KEN10539,Christopher Walker,Director,Engineering,Active,2013-10-01
541,KEN10540,Calvin Sheppard,Staff,HR,Active,2020-06-02
542,KEN10541,Holly Barnett,Director,Finance,Resigned,2020-07-17
543,KEN10542,Scott Cole,Manager,HR,Retired,2018-08-15
544,KEN10543,Regina Jones,Staff,Engineering,Retired,2011-06-30
545,KEN10544,Joseph Reid,Ex-Staff,HR,Retired,2018-11-10
546,KEN10545,Joshua Hudson,Staff,Finance,Active,2024-11-04
547,KEN10546,James Marshall,Staff,HR,Retired,2014-02-24
548,KEN10547,Andrea Kelly,Manager,Engineering,Retired,2018-02-21
549,KEN10548,Nicole Hood,Staff,HR,Resigned,2015-09-07
550,KEN10549,Stephanie Alvarez,Manager,ICT,Retired,2014-02-09
551,KEN10550,Elizabeth Travis,Manager,Operations,Active,2022-07-23
552,KEN10551,Jacob Norton,Staff,Finance,Active,2024-12-31
553,KEN10552,Johnny Romero,Ex-Staff,Operations,Active,2014-01-28
554,KEN10553,Kenneth Ray,Staff,Engineering,Active,2017-01-21
555,KEN10554,Anthony Johnson,Ex-Staff,Finance,Resigned,2013-11-03
556,KEN10555,Brittney Murray,Ex-Staff,ICT,Retired,2018-08-20
557,KEN10556,Justin Rodriguez,Manager,Operations,Retired,2017-11-21
558,KEN10557,Michael Reynolds,Manager,Engineering,Resigned,2020-07-14
559,KEN10558,Rodney Zamora,Manager,ICT,Resigned,2022-08-05
560,KEN10559,Emily Lopez,Ex-Staff,Finance,Retired,2024-12-15
561,KEN10560,Benjamin Garcia,Manager,HR,Resigned,2016-11-06
562,KEN10561,Edward Mitchell,Manager,HR,Retired,2013-07-31
563,KEN10562,David Perry,Ex-Staff,Operations,Retired,2019-07-17
564,KEN10563,Kristy Sandoval PhD,Manager,Engineering,Resigned,2020-03-08
565,KEN10564,Tina Bishop,Ex-Staff,Engineering,Active,2011-10-27
566,KEN10565,Amber Rogers,Manager,HR,Retired,2017-06-20
567,KEN10566,Kristy Nguyen,Manager,ICT,Resigned,2012-02-05
568,KEN10567,Jason Delacruz,Staff,HR,Retired,2018-07-26
569,KEN10568,Michael Hamilton,Manager,ICT,Retired,2014-07-25
570,KEN10569,Ian Richardson,Ex-Staff,ICT,Retired,2013-04-29
571,KEN10570,Cynthia Patrick,Manager,Operations,Resigned,2020-12-25
572,KEN10571,Peter Jones,Staff,Finance,Resigned,2024-03-02
573,KEN10572,Matthew Williams,Manager,Finance,Resigned,2023-11-28
574,KEN10573,Jennifer Morgan,Manager,Engineering,Active,2016-02-12
575,KEN10574,Mrs. Jessica White,Director,Finance,Active,2021-01-31
576,KEN10575,Kristin Church,Director,Engineering,Resigned,2025-04-06
577,KEN10576,Victor Gonzalez,Staff,Engineering,Resigned,2019-05-17
578,KEN10577,Edward Sanchez,Staff,Operations,Active,2020-10-19
579,KEN10578,Shirley Hardy,Manager,Operations,Resigned,2020-04-29
580,KEN10579,Ashley Newton,Director,Finance,Active,2022-12-07
581,KEN10580,James Medina,Director,ICT,Active,2015-08-25
582,KEN10581,Larry Wilson,Director,Finance,Resigned,2019-10-12
583,KEN10582,Stephanie Coleman,Staff,Engineering,Resigned,2021-09-08
584,KEN10583,Thomas Miller,Staff,HR,Retired,2012-11-06
585,KEN10584,John Lopez,Staff,Finance,Active,2017-10-15
586,KEN10585,Raymond Munoz,Manager,Operations,Resigned,2012-08-13
587,KEN10586,John Hughes,Staff,Finance,Retired,2023-03-25
588,KEN10587,Corey Wright,Staff,Engineering,Resigned,2013-06-14
589,KEN10588,Monique Gomez,Director,ICT,Retired,2017-01-24
590,KEN10589,Harold Mcdonald,Manager,HR,Active,2014-12-13
591,KEN10590,Jean Jimenez,Director,Operations,Retired,2016-07-06
592,KEN10591,James Wallace,Ex-Staff,Finance,Retired,2014-03-16
593,KEN10592,Elizabeth Smith,Staff,HR,Retired,2014-12-01
594,KEN10593,Billy Richardson,Director,Engineering,Retired,2016-02-15
595,KEN10594,Tonya Walker MD,Ex-Staff,Operations,Resigned,2014-11-26
596,KEN10595,Clifford Richards,Director,ICT,Active,2019-12-31
597,KEN10596,Jason Coleman,Ex-Staff,Engineering,Active,2017-09-02
598,KEN10597,Kenneth King,Staff,HR,Retired,2020-09-24
599,KEN10598,Joshua Ryan,Director,Finance,Active,2014-11-14
600,KEN10599,Heather Williams,Staff,Engineering,Retired,2017-09-24
601,KEN10600,Kayla Miles,Ex-Staff,ICT,Resigned,2022-05-08
602,KEN10601,Jeffrey Brown,Staff,Operations,Retired,2019-12-25
603,KEN10602,Vincent Mccall,Staff,Engineering,Retired,2016-06-16
604,KEN10603,Gregory Smith,Ex-Staff,HR,Active,2013-02-04
605,KEN10604,Jonathan Steele,Director,Operations,Resigned,2023-12-15
606,KEN10605,William Mccoy,Director,Operations,Retired,2019-10-19
607,KEN10606,Shawn Wilson,Manager,HR,Active,2016-01-24
608,KEN10607,Sharon Graves,Ex-Staff,ICT,Retired,2014-12-29
609,KEN10608,Christopher Bonilla,Ex-Staff,HR,Retired,2014-07-14
610,KEN10609,William Fields,Director,Engineering,Active,2018-07-07
611,KEN10610,Douglas Ball,Director,Finance,Retired,2022-12-23
612,KEN10611,Joanne Johnson,Staff,Finance,Retired,2015-02-11
613,KEN10612,Mary Nunez,Staff,Finance,Retired,2022-03-01
614,KEN10613,Ryan Turner,Staff,Engineering,Retired,2020-08-03
615,KEN10614,Lisa Middleton,Director,ICT,Active,2021-05-19
616,KEN10615,Elizabeth Hammond,Manager,Engineering,Retired,2016-09-11
617,KEN10616,Shelley Snow,Ex-Staff,Finance,Resigned,2011-12-02
618,KEN10617,Sarah Ryan,Ex-Staff,Finance,Resigned,2022-09-12
619,KEN10618,Virginia Leonard,Manager,ICT,Retired,2020-12-13
620,KEN10619,Vickie Ortega,Ex-Staff,Operations,Resigned,2022-11-19
621,KEN10620,Wesley Johnson,Manager,Operations,Resigned,2019-12-01
622,KEN10621,Stephanie Powell,Director,ICT,Retired,2021-04-12
623,KEN10622,David Watson,Director,Finance,Retired,2021-01-28
624,KEN10623,Kayla Schultz,Ex-Staff,Finance,Retired,2015-08-18
625,KEN10624,Jerry Poole,Staff,ICT,Active,2018-04-06
626,KEN10625,Linda Wang,Manager,ICT,Resigned,2019-09-26
627,KEN10626,Lauren Edwards,Ex-Staff,Engineering,Retired,2024-01-11
628,KEN10627,Todd Clarke,Director,HR,Resigned,2017-03-06
629,KEN10628,Amy Valencia,Ex-Staff,Operations,Retired,2011-10-18
630,KEN10629,Jared Holloway,Director,ICT,Retired,2015-07-17
631,KEN10630,Ashley Morrison,Staff,Finance,Retired,2023-02-17
632,KEN10631,Drew Walker,Director,Finance,Active,2017-07-22
633,KEN10632,Lori Jefferson,Director,Operations,Resigned,2022-05-14
634,KEN10633,Amber Austin,Director,Finance,Resigned,2021-05-24
635,KEN10634,Kelly Thomas,Staff,HR,Active,2018-08-31
636,KEN10635,David Howell,Director,ICT,Retired,2019-08-13
637,KEN10636,Emily Jackson,Staff,Operations,Resigned,2022-04-11
638,KEN10637,Denise Brooks,Manager,ICT,Active,2024-11-21
639,KEN10638,Ashley Thomas,Manager,ICT,Retired,2011-06-29
640,KEN10639,Brian Long,Staff,Operations,Active,2017-03-15
641,KEN10640,Sheryl Mills,Director,Engineering,Active,2018-10-30
642,KEN10641,Brendan Alexander,Director,ICT,Retired,2023-07-18
643,KEN10642,Kimberly Christian,Staff,HR,Resigned,2014-08-05
644,KEN10643,James Moreno,Manager,Engineering,Active,2023-07-05
645,KEN10644,Emily Holland,Director,Finance,Resigned,2015-10-15
646,KEN10645,Kelli Quinn,Ex-Staff,HR,Active,2021-10-26
647,KEN10646,Wesley Farrell,Director,Operations,Retired,2024-03-02
648,KEN10647,Eric Lloyd,Manager,HR,Active,2012-02-16
649,KEN10648,Cynthia Werner,Ex-Staff,Finance,Retired,2020-03-21
650,KEN10649,Raymond Hernandez,Ex-Staff,Operations,Resigned,2016-12-17
651,KEN10650,Bethany Weaver,Ex-Staff,Finance,Active,2024-06-14
652,KEN10651,Zachary Kemp,Director,Engineering,Retired,2017-07-25
653,KEN10652,Donna Obrien,Director,Engineering,Retired,2012-04-16
654,KEN10653,Pamela Kelly,Staff,Engineering,Retired,2013-05-02
655,KEN10654,Howard Mercer,Director,Finance,Retired,2014-05-14
656,KEN10655,Kathy Knight,Manager,HR,Resigned,2021-02-02
657,KEN10656,Billy Smith,Director,Operations,Active,2018-07-21
658,KEN10657,Tina Frazier,Staff,Engineering,Active,2019-05-26
659,KEN10658,Angel Hunter,Director,ICT,Retired,2013-12-13
660,KEN10659,Caroline Hoffman,Staff,Engineering,Resigned,2017-07-18
661,KEN10660,Andrew Ramos,Staff,ICT,Retired,2012-04-22
662,KEN10661,Robert Fox,Director,HR,Retired,2018-01-08
663,KEN10662,Kyle Norton,Staff,Operations,Resigned,2024-12-27
664,KEN10663,Jason Ferguson,Manager,ICT,Active,2022-10-18
665,KEN10664,Destiny Wilson,Ex-Staff,Engineering,Resigned,2014-05-20
666,KEN10665,Mallory Fox,Manager,Finance,Resigned,2019-08-29
667,KEN10666,Michelle Frank,Ex-Staff,Operations,Retired,2020-07-18
668,KEN10667,Brianna Soto,Manager,Engineering,Resigned,2011-10-09
669,KEN10668,Kevin Aguilar,Director,ICT,Active,2022-06-05
670,KEN10669,Joshua Lee,Staff,HR,Resigned,2025-02-14
671,KEN10670,Allison Finley,Staff,Finance,Active,2015-10-02
672,KEN10671,John Chang,Director,HR,Retired,2023-08-01
673,KEN10672,Dana Thompson,Director,Engineering,Resigned,2025-02-16
674,KEN10673,Julie Todd,Ex-Staff,ICT,Active,2014-08-04
675,KEN10674,Michael Smith,Staff,Operations,Resigned,2015-09-14
676,KEN10675,Allen Bender,Manager,HR,Retired,2024-08-21
677,KEN10676,Nancy Moss,Ex-Staff,Operations,Active,2021-03-20
678,KEN10677,Trevor Potts,Director,Engineering,Retired,2014-07-11
679,KEN10678,Leah Anderson,Director,Operations,Active,2016-06-20
680,KEN10679,Heather English,Staff,HR,Resigned,2021-01-11
681,KEN10680,Daniel Hill,Director,HR,Resigned,2018-05-17
682,KEN10681,Benjamin Allen,Ex-Staff,ICT,Retired,2024-01-14
683,KEN10682,Alexander Hood,Staff,Finance,Retired,2016-04-12
684,KEN10683,Sean Dixon,Manager,Engineering,Resigned,2023-04-02
685,KEN10684,Ryan Bailey,Staff,Finance,Retired,2024-08-26
686,KEN10685,Joseph Wiggins,Manager,Engineering,Active,2012-04-28
687,KEN10686,Jonathan White,Manager,ICT,Retired,2024-09-26
688,KEN10687,Anne Barnes,Manager,Finance,Resigned,2013-06-16
689,KEN10688,Dominic Woods,Ex-Staff,Finance,Resigned,2024-01-29
690,KEN10689,Kevin Aguilar,Manager,Engineering,Retired,2024-09-11
691,KEN10690,Courtney Fox,Director,HR,Retired,2019-12-26
692,KEN10691,Caleb Payne,Director,Operations,Retired,2021-02-25
693,KEN10692,Lindsay Collins,Staff,Operations,Active,2025-01-08
694,KEN10693,Johnathan Brown,Ex-Staff,Finance,Retired,2017-01-28
695,KEN10694,Michael Martin,Director,HR,Active,2023-02-05
696,KEN10695,Kelly Wilson,Ex-Staff,Engineering,Retired,2020-02-28
697,KEN10696,Jeremy Huerta,Manager,Finance,Retired,2022-06-04
698,KEN10697,Melissa Smith,Staff,ICT,Resigned,2014-02-13
699,KEN10698,Mrs. Kathleen Mclaughlin,Director,Finance,Retired,2021-04-17
700,KEN10699,Craig Velazquez,Ex-Staff,Operations,Active,2015-05-30
701,KEN10700,George Martinez,Director,ICT,Retired,2012-05-11
702,KEN10701,Sharon Williamson,Manager,Operations,Retired,2024-08-11
703,KEN10702,James Lopez,Director,Engineering,Resigned,2012-01-01
704,KEN10703,Christy Barber,Manager,HR,Retired,2020-07-04
705,KEN10704,Jane Navarro,Manager,Finance,Resigned,2014-11-07
706,KEN10705,Timothy Benton,Ex-Staff,Finance,Retired,2015-01-04
707,KEN10706,David Kelly,Manager,Finance,Active,2014-07-01
708,KEN10707,Martin Jackson,Director,HR,Retired,2024-09-11
709,KEN10708,John Burton,Manager,Engineering,Active,2022-10-25
710,KEN10709,Lori Mcmillan,Staff,HR,Retired,2011-08-24
711,KEN10710,Catherine Meza,Manager,ICT,Resigned,2021-06-23
712,KEN10711,Matthew Cox,Director,Operations,Retired,2021-02-19
713,KEN10712,Abigail Medina,Staff,Operations,Resigned,2016-06-29
714,KEN10713,Lee Decker,Staff,HR,Retired,2020-07-12
715,KEN10714,Lisa Sanford,Manager,ICT,Active,2013-07-13
716,KEN10715,Amanda Edwards,Director,Finance,Resigned,2024-05-18
717,KEN10716,Rachel Liu,Ex-Staff,Operations,Resigned,2020-08-28
718,KEN10717,Jack Anderson,Manager,HR,Retired,2012-10-22
719,KEN10718,Rhonda King,Director,HR,Resigned,2018-12-23
720,KEN10719,David Kennedy,Ex-Staff,Operations,Active,2011-07-25
721,KEN10720,Jennifer Mathis,Manager,Engineering,Retired,2019-02-27
722,KEN10721,Anthony Juarez,Director,Finance,Resigned,2016-07-01
723,KEN10722,Nicholas Zimmerman,Director,Finance,Retired,2022-03-22
724,KEN10723,Denise Farley,Staff,HR,Retired,2020-12-12
725,KEN10724,Alexis Robinson,Ex-Staff,Finance,Resigned,2018-11-12
726,KEN10725,Annette Bailey,Manager,Engineering,Retired,2023-09-02
727,KEN10726,John Stephens,Manager,Operations,Resigned,2019-05-22
728,KEN10727,Theresa Brown,Ex-Staff,Engineering,Active,2018-09-12
729,KEN10728,Mandy Haynes,Ex-Staff,Operations,Active,2018-12-26
730,KEN10729,Justin Jackson,Staff,Operations,Active,2020-06-27
731,KEN10730,Dalton Johnson,Manager,Finance,Active,2015-06-24
732,KEN10731,Theresa May,Manager,HR,Resigned,2013-06-12
733,KEN10732,Carly Brown,Staff,HR,Retired,2013-08-16
734,KEN10733,Lori Fuentes,Ex-Staff,ICT,Retired,2014-01-14
735,KEN10734,Tammy Marshall,Staff,Operations,Retired,2019-07-16
736,KEN10735,Mark Frank,Director,ICT,Resigned,2020-08-23
737,KEN10736,Tonya Ramsey,Director,Finance,Retired,2023-07-05
738,KEN10737,Jeffrey Lindsey,Ex-Staff,HR,Retired,2012-11-01
739,KEN10738,Jennifer Burns,Ex-Staff,ICT,Resigned,2017-01-13
740,KEN10739,Robert Liu,Ex-Staff,HR,Retired,2013-03-31
741,KEN10740,Jamie Guzman,Staff,Finance,Retired,2024-02-12
742,KEN10741,Angela Snow,Staff,Operations,Retired,2015-03-22
743,KEN10742,Sarah Johnson,Ex-Staff,Operations,Retired,2024-09-02
744,KEN10743,Brittany Silva,Manager,ICT,Active,2011-09-07
745,KEN10744,Gregory Henry,Staff,Finance,Resigned,2011-11-12
746,KEN10745,Andrew Massey,Ex-Staff,Finance,Retired,2021-04-17
747,KEN10746,Krista Morgan,Ex-Staff,Operations,Active,2018-04-08
748,KEN10747,Richard Montgomery,Director,Engineering,Resigned,2017-10-14
749,KEN10748,Kevin Molina,Manager,Finance,Active,2014-12-19
750,KEN10749,Marie Porter,Manager,Operations,Resigned,2017-06-05
751,KEN10750,Richard Hernandez,Ex-Staff,HR,Resigned,2014-04-17
752,KEN10751,Charles Jensen,Ex-Staff,Operations,Retired,2014-06-19
753,KEN10752,Peter French,Director,HR,Resigned,2011-11-15
754,KEN10753,Lori Phillips,Manager,HR,Retired,2019-01-10
755,KEN10754,Brian Wilson,Director,ICT,Active,2018-05-25
756,KEN10755,Joseph Petty,Manager,Finance,Active,2023-02-23
757,KEN10756,David Gonzales,Staff,HR,Active,2016-04-07
758,KEN10757,Brittany Hernandez,Manager,Finance,Retired,2014-10-14
759,KEN10758,Anthony Taylor,Staff,ICT,Active,2023-07-02
760,KEN10759,Ryan Black,Staff,ICT,Active,2022-02-24
761,KEN10760,Phillip Gregory,Manager,Engineering,Resigned,2019-11-16
762,KEN10761,Kurt Singleton,Staff,Operations,Resigned,2015-03-08
763,KEN10762,Donald Robinson,Staff,HR,Active,2017-11-27
764,KEN10763,Daniel Ballard,Director,Engineering,Resigned,2020-08-17
765,KEN10764,Mandy Holmes,Staff,Engineering,Active,2024-03-02
766,KEN10765,Joel Taylor,Manager,Finance,Active,2014-11-16
767,KEN10766,Lee Ramirez,Staff,ICT,Active,2016-10-18
768,KEN10767,Douglas Williams,Manager,ICT,Active,2025-01-01
769,KEN10768,Tamara Cortez,Ex-Staff,ICT,Resigned,2014-01-13
770,KEN10769,Samantha Mendez,Ex-Staff,ICT,Retired,2013-06-05
771,KEN10770,Colleen Decker,Staff,ICT,Retired,2012-04-03
772,KEN10771,Jill Clark,Ex-Staff,HR,Resigned,2017-06-26
773,KEN10772,Dominique Garcia,Ex-Staff,HR,Retired,2024-12-10
774,KEN10773,Laura Castro,Director,Finance,Active,2022-12-29
775,KEN10774,Kristen Macias,Ex-Staff,Finance,Resigned,2022-04-23
776,KEN10775,Robert Mullen,Director,ICT,Resigned,2011-11-02
777,KEN10776,Kenneth Lawson,Staff,HR,Active,2013-02-18
778,KEN10777,Brandi Parsons,Staff,Finance,Retired,2013-08-17
779,KEN10778,Dean Miles,Director,Engineering,Resigned,2014-04-30
780,KEN10779,Miguel Brown,Staff,Engineering,Active,2022-01-10
781,KEN10780,Mario Maxwell,Manager,Finance,Active,2022-09-08
782,KEN10781,Patrick Frazier,Ex-Staff,Operations,Retired,2021-01-10
783,KEN10782,Sue Kennedy,Director,HR,Retired,2014-08-26
784,KEN10783,Lauren Johnson,Director,HR,Active,2024-10-25
785,KEN10784,Dustin Walker,Manager,Engineering,Retired,2013-07-21
786,KEN10785,Stephanie Edwards,Ex-Staff,Finance,Active,2011-05-24
787,KEN10786,Catherine Bryant MD,Ex-Staff,ICT,Retired,2018-06-03
788,KEN10787,Jennifer Roberts,Manager,Finance,Resigned,2019-11-16
789,KEN10788,Daniel Walters,Ex-Staff,ICT,Resigned,2016-08-30
790,KEN10789,Dustin Russell,Staff,Finance,Active,2022-08-09
791,KEN10790,Lauren Brown,Manager,HR,Active,2021-01-14
792,KEN10791,Meghan Williamson,Manager,Finance,Resigned,2013-04-27
793,KEN10792,David Garcia,Ex-Staff,Operations,Resigned,2017-01-29
794,KEN10793,Megan Wise,Manager,Finance,Active,2025-01-26
795,KEN10794,Brittany Morales,Ex-Staff,ICT,Active,2020-04-29
796,KEN10795,Joseph Duarte,Director,HR,Resigned,2016-01-25
797,KEN10796,Andre Kim,Staff,Engineering,Retired,2015-10-24
798,KEN10797,Crystal Vasquez,Manager,ICT,Resigned,2014-05-26
799,KEN10798,Alexandra Murray,Director,HR,Resigned,2011-12-08
800,KEN10799,Keith Romero,Staff,Engineering,Retired,2018-08-06
801,KEN10800,Deborah Dominguez,Manager,HR,Active,2017-02-05
802,KEN10801,Margaret Phelps,Director,Engineering,Resigned,2022-12-14
803,KEN10802,Tamara Savage,Staff,Finance,Retired,2013-02-15
804,KEN10803,William Davies,Ex-Staff,Finance,Resigned,2022-12-17
805,KEN10804,Edward Roberts,Staff,Finance,Retired,2014-11-21
806,KEN10805,Sara Guzman,Manager,Finance,Retired,2022-03-23
807,KEN10806,Rebecca Gonzalez,Director,Engineering,Retired,2019-10-14
808,KEN10807,Sean Peterson,Ex-Staff,Engineering,Retired,2021-10-27
809,KEN10808,Marcus Cruz,Director,Finance,Resigned,2014-05-27
810,KEN10809,Melinda Wolfe,Ex-Staff,Operations,Retired,2023-06-03
811,KEN10810,Michael Martinez,Director,HR,Active,2021-02-22
812,KEN10811,Steven Jacobs,Ex-Staff,Finance,Retired,2019-08-20
813,KEN10812,Jeremy Freeman,Staff,Finance,Resigned,2011-11-15
814,KEN10813,Tyler Arnold,Manager,Engineering,Active,2021-09-29
815,KEN10814,Heather Preston,Staff,ICT,Resigned,2011-11-26
816,KEN10815,Donald Smith Jr.,Manager,ICT,Resigned,2023-05-20
817,KEN10816,Teresa Proctor,Staff,Operations,Resigned,2022-04-21
818,KEN10817,Christine Smith,Director,Finance,Active,2020-08-08
819,KEN10818,Teresa Watson,Manager,Engineering,Retired,2012-04-13
820,KEN10819,Jill Lee,Ex-Staff,ICT,Retired,2011-08-09
821,KEN10820,Amanda Smith,Ex-Staff,Finance,Retired,2017-10-02
822,KEN10821,Mark Wang,Ex-Staff,Operations,Resigned,2018-04-06
823,KEN10822,Dawn Sanders,Ex-Staff,ICT,Retired,2017-07-26
824,KEN10823,Jennifer Simmons,Director,Finance,Retired,2018-05-21
825,KEN10824,Michael Kane,Manager,HR,Retired,2014-11-04
826,KEN10825,Patrick Davenport,Manager,Engineering,Retired,2023-05-30
827,KEN10826,Ricky Armstrong,Manager,Finance,Active,2025-01-02
828,KEN10827,Marissa Ortiz,Staff,Operations,Resigned,2016-02-18
829,KEN10828,John Forbes,Ex-Staff,Operations,Active,2019-03-27
830,KEN10829,Keith Miller,Staff,Operations,Resigned,2024-12-10
831,KEN10830,Deborah Reese,Staff,Finance,Retired,2017-01-12
832,KEN10831,Thomas Tucker MD,Director,Engineering,Retired,2022-09-15
833,KEN10832,Scott Marks,Manager,Finance,Retired,2020-11-04
834,KEN10833,Anna Fox,Staff,Finance,Active,2016-04-11
835,KEN10834,Casey Anderson,Ex-Staff,Engineering,Retired,2015-01-10
836,KEN10835,Kristine Baker,Ex-Staff,Engineering,Resigned,2022-05-06
837,KEN10836,Lori Hill,Staff,Engineering,Active,2022-04-02
838,KEN10837,Veronica Grant,Ex-Staff,Operations,Retired,2012-09-21
839,KEN10838,Richard Cooper,Director,Operations,Resigned,2022-07-06
840,KEN10839,Derrick Brown Jr.,Staff,Operations,Retired,2023-10-16
841,KEN10840,Eric Cook,Ex-Staff,Operations,Retired,2024-03-06
842,KEN10841,Alisha Hartman,Staff,Operations,Retired,2017-11-05
843,KEN10842,Sheila Reyes,Staff,ICT,Resigned,2018-05-18
844,KEN10843,Bradley Jackson,Manager,Finance,Active,2014-10-20
845,KEN10844,Alice Johns,Staff,Finance,Retired,2017-02-07
846,KEN10845,Brittany Miller,Ex-Staff,Operations,Retired,2021-03-03
847,KEN10846,Deborah Mason,Manager,Engineering,Retired,2018-06-05
848,KEN10847,James Bartlett,Director,Engineering,Resigned,2015-02-02
849,KEN10848,Kristopher Brooks,Manager,Engineering,Retired,2023-10-26
850,KEN10849,Melissa Smith,Ex-Staff,Finance,Resigned,2011-09-15
851,KEN10850,Kimberly Smith,Manager,Engineering,Resigned,2013-01-04
852,KEN10851,Ellen Schaefer,Director,Engineering,Active,2018-11-28
853,KEN10852,Cynthia Herrera,Ex-Staff,ICT,Resigned,2022-11-25
854,KEN10853,Andrew Rosales,Ex-Staff,ICT,Resigned,2016-09-18
855,KEN10854,Alex Harrison,Manager,ICT,Active,2023-03-25
856,KEN10855,Martin Smith,Staff,Finance,Retired,2022-03-13
857,KEN10856,Victoria Johnson,Manager,HR,Active,2012-03-06
858,KEN10857,Diane Rivera,Manager,Finance,Active,2023-10-28
859,KEN10858,Preston Thomas,Director,Finance,Active,2022-11-05
860,KEN10859,Kirk Smith MD,Ex-Staff,Finance,Resigned,2023-11-02
861,KEN10860,Alicia Bell,Director,ICT,Active,2023-01-01
862,KEN10861,Wanda Schmidt,Manager,Engineering,Resigned,2018-11-09
863,KEN10862,Carrie Li,Ex-Staff,HR,Active,2020-02-22
864,KEN10863,Joseph Rose,Director,ICT,Resigned,2016-01-03
865,KEN10864,Laurie Jordan,Staff,HR,Resigned,2022-03-06
866,KEN10865,Suzanne Rodriguez,Director,Finance,Active,2022-03-11
867,KEN10866,Michael Santos,Staff,Finance,Active,2019-03-25
868,KEN10867,Madeline Chapman,Manager,HR,Retired,2017-11-13
869,KEN10868,Jennifer Nunez,Manager,Operations,Active,2014-12-28
870,KEN10869,Brittany Turner DDS,Staff,ICT,Active,2020-11-24
871,KEN10870,Veronica Sanchez,Manager,Finance,Retired,2013-11-26
872,KEN10871,Michael Morris,Director,Finance,Retired,2014-04-03
873,KEN10872,Mark Alvarado,Director,Finance,Resigned,2013-08-16
874,KEN10873,Jonathan King,Ex-Staff,Finance,Retired,2012-07-22
875,KEN10874,Jason Horne,Manager,Engineering,Active,2021-07-14
876,KEN10875,Douglas Nelson,Ex-Staff,ICT,Active,2013-04-08
877,KEN10876,Randy Douglas,Staff,Finance,Resigned,2020-05-23
878,KEN10877,Jennifer Byrd,Staff,Finance,Resigned,2018-12-31
879,KEN10878,Michael Garcia,Ex-Staff,Engineering,Active,2016-09-27
880,KEN10879,Brenda Castillo,Director,Engineering,Retired,2024-11-02
881,KEN10880,Gabriel Perez,Staff,Operations,Active,2021-10-16
882,KEN10881,Connie Gonzalez DVM,Staff,Engineering,Resigned,2013-04-25
883,KEN10882,Mary Davis,Director,Operations,Retired,2020-06-07
884,KEN10883,Justin Rice,Ex-Staff,Finance,Active,2012-02-10
885,KEN10884,Nancy Mcintosh,Ex-Staff,HR,Resigned,2013-11-18
886,KEN10885,Tracy Reynolds,Ex-Staff,Engineering,Retired,2019-12-26
887,KEN10886,Matthew Dixon,Director,ICT,Resigned,2024-07-06
888,KEN10887,Chelsea Ellis,Ex-Staff,Finance,Resigned,2021-11-16
889,KEN10888,Mark Brooks MD,Manager,Finance,Retired,2015-10-17
890,KEN10889,Miguel Powell,Ex-Staff,HR,Active,2014-01-05
891,KEN10890,James Morales,Director,ICT,Resigned,2018-02-19
892,KEN10891,Cynthia Stevens,Manager,Operations,Retired,2015-07-13
893,KEN10892,Sean Tran,Director,Engineering,Retired,2016-11-07
894,KEN10893,Joe Schmidt,Director,HR,Active,2017-12-08
895,KEN10894,Michelle Serrano,Staff,Engineering,Retired,2015-10-06
896,KEN10895,David Brown,Ex-Staff,ICT,Active,2016-09-25
897,KEN10896,Dawn Gonzales,Ex-Staff,ICT,Active,2020-07-10
898,KEN10897,Sandra Lawrence,Director,Operations,Retired,2012-05-13
899,KEN10898,Mary Little,Manager,Engineering,Retired,2013-09-12
900,KEN10899,Hector Martin,Director,HR,Active,2015-05-30
901,KEN10900,Andrea Vang,Ex-Staff,Operations,Active,2013-10-31
902,KEN10901,Thomas Barajas,Manager,Finance,Retired,2012-02-25
903,KEN10902,Sonya Dunn,Staff,HR,Resigned,2013-09-30
904,KEN10903,Andrew Zimmerman,Ex-Staff,Finance,Resigned,2017-08-06
905,KEN10904,Paul Thomas,Manager,ICT,Resigned,2019-07-21
906,KEN10905,Richard Padilla,Ex-Staff,Engineering,Resigned,2015-04-14
907,KEN10906,Thomas Jones,Ex-Staff,Finance,Resigned,2022-11-05
908,KEN10907,Tonya Castillo,Director,ICT,Retired,2020-05-28
909,KEN10908,Nathan Burgess,Manager,ICT,Resigned,2020-10-26
910,KEN10909,Timothy Adams,Manager,HR,Retired,2012-07-29
911,KEN10910,Tonya Summers,Manager,HR,Resigned,2021-04-30
912,KEN10911,Eric Guzman,Director,Operations,Resigned,2016-11-18
913,KEN10912,Wendy Robinson,Ex-Staff,Operations,Active,2022-03-24
914,KEN10913,Tracie Parker,Manager,Finance,Retired,2012-02-05
915,KEN10914,Edgar Keith,Director,Engineering,Active,2015-07-29
916,KEN10915,Russell May,Director,Operations,Resigned,2011-09-12
917,KEN10916,Amber Singh,Staff,Engineering,Active,2012-09-12
918,KEN10917,Lisa Schneider,Ex-Staff,Engineering,Active,2020-10-11
919,KEN10918,Shane Stephens,Manager,Engineering,Resigned,2016-02-12
920,KEN10919,Jill Smith,Manager,Finance,Active,2016-05-02
921,KEN10920,Randy Silva,Ex-Staff,Finance,Resigned,2022-03-21
922,KEN10921,Roger Miller,Staff,Finance,Retired,2013-12-12
923,KEN10922,Michael Ramirez,Director,Engineering,Active,2013-06-01
924,KEN10923,Michelle Scott,Director,HR,Retired,2011-05-16
925,KEN10924,Faith Mckinney,Staff,Operations,Active,2023-04-03
926,KEN10925,Lori Gomez,Ex-Staff,Finance,Active,2016-10-02
927,KEN10926,Allen Palmer,Ex-Staff,Finance,Active,2022-11-01
928,KEN10927,Danielle Becker,Director,Finance,Resigned,2024-03-18
929,KEN10928,Darryl Johnson,Ex-Staff,Operations,Active,2019-09-28
930,KEN10929,Mr. Jonathan Hayden,Manager,ICT,Retired,2011-11-05
931,KEN10930,Kelli Powell,Ex-Staff,Finance,Retired,2024-01-05
932,KEN10931,Mr. Richard Murphy DDS,Manager,HR,Active,2019-11-26
933,KEN10932,Melissa Velez,Director,HR,Resigned,2012-02-09
934,KEN10933,Michael Jacobs,Manager,HR,Resigned,2011-12-31
935,KEN10934,Shane Bailey,Staff,Finance,Active,2023-09-16
936,KEN10935,Melissa Wilson,Manager,ICT,Retired,2022-12-25
937,KEN10936,Brooke Juarez,Staff,HR,Resigned,2021-05-27
938,KEN10937,Jonathon Randall,Manager,Engineering,Retired,2015-11-22
939,KEN10938,Eric Anderson,Manager,HR,Active,2018-09-18
940,KEN10939,Ashley Stone,Manager,ICT,Resigned,2017-05-14
941,KEN10940,Paul Wang,Manager,Operations,Resigned,2018-08-13
942,KEN10941,Michael Mack,Director,HR,Resigned,2012-10-16
943,KEN10942,Timothy Bailey,Ex-Staff,Operations,Resigned,2023-10-13
944,KEN10943,Barbara Jimenez,Manager,HR,Retired,2018-07-23
945,KEN10944,Amanda Parsons,Manager,Engineering,Resigned,2015-03-31
946,KEN10945,Madeline Hall,Ex-Staff,Operations,Resigned,2012-10-04
947,KEN10946,James Brown,Ex-Staff,ICT,Resigned,2021-07-20
948,KEN10947,Amy Macdonald,Staff,Operations,Resigned,2012-03-02
949,KEN10948,Betty Cook,Staff,Finance,Retired,2012-11-09
950,KEN10949,Christopher Jones,Director,ICT,Resigned,2021-08-03
951,KEN10950,Leslie King,Manager,Engineering,Retired,2024-09-05
952,KEN10951,Richard Mclaughlin,Director,ICT,Active,2017-04-14
953,KEN10952,Heidi White,Staff,Finance,Retired,2023-07-13
954,KEN10953,Kyle Miller,Ex-Staff,Engineering,Retired,2014-10-07
955,KEN10954,Justin Edwards,Ex-Staff,HR,Resigned,2022-11-09
956,KEN10955,Angela Tate,Ex-Staff,HR,Resigned,2017-04-10
957,KEN10956,Nicole Douglas,Director,HR,Retired,2020-02-28
958,KEN10957,Lisa Rodriguez,Ex-Staff,Engineering,Resigned,2021-12-06
959,KEN10958,Vincent Matthews,Manager,Engineering,Resigned,2021-05-28
960,KEN10959,Micheal Wade,Manager,Finance,Resigned,2024-07-20
961,KEN10960,Andrew Brown,Manager,Engineering,Active,2013-08-12
962,KEN10961,Robert Merritt,Director,Operations,Retired,2022-10-22
963,KEN10962,Joseph Day,Manager,HR,Active,2019-07-07
964,KEN10963,Carol Garrett,Ex-Staff,ICT,Retired,2012-06-06
965,KEN10964,Corey Hicks,Director,ICT,Active,2021-06-07
966,KEN10965,Bradley Farmer,Staff,HR,Retired,2015-09-08
967,KEN10966,Kara Parker,Manager,ICT,Active,2021-10-16
968,KEN10967,Madeline Jarvis,Staff,Finance,Active,2017-04-25
969,KEN10968,Amy Ball,Director,ICT,Resigned,2012-08-06
970,KEN10969,Hayley Sanchez,Director,Finance,Active,2015-12-26
971,KEN10970,Michael Gonzales,Director,Engineering,Active,2015-12-24
972,KEN10971,James Carrillo,Director,Engineering,Resigned,2011-07-20
973,KEN10972,Kayla Williams,Manager,ICT,Resigned,2017-03-21
974,KEN10973,Mary Sheppard,Ex-Staff,Operations,Active,2015-03-23
975,KEN10974,Stephen Rush,Manager,Engineering,Resigned,2012-03-06
976,KEN10975,William Cooper,Ex-Staff,Finance,Active,2022-07-14
977,KEN10976,Christopher Davis,Staff,Operations,Retired,2022-08-10
978,KEN10977,Michelle Harvey,Manager,Operations,Resigned,2020-08-28
979,KEN10978,Jennifer Johnson,Manager,Finance,Resigned,2023-09-07
980,KEN10979,Charles Shah,Ex-Staff,Operations,Retired,2021-11-06
981,KEN10980,Brian Garcia II,Staff,HR,Retired,2022-11-23
982,KEN10981,Kayla Wilson,Director,ICT,Resigned,2011-10-30
983,KEN10982,Christine Mcdaniel,Manager,HR,Retired,2016-12-31
984,KEN10983,Michael Stevens,Manager,Operations,Retired,2022-07-17
985,KEN10984,Daniel Rice,Director,Finance,Resigned,2022-06-29
986,KEN10985,Stephen Zimmerman,Manager,Finance,Retired,2021-05-27
987,KEN10986,Courtney Vang,Ex-Staff,HR,Resigned,2011-08-27
988,KEN10987,Matthew Smith,Director,Operations,Retired,2023-08-19
989,KEN10988,Joshua Boone,Director,Finance,Active,2018-03-21
990,KEN10989,Richard Nicholson,Director,Finance,Retired,2020-01-31
991,KEN10990,Susan Barnett,Manager,Finance,Resigned,2018-12-03
992,KEN10991,Tara Martinez,Manager,HR,Retired,2021-10-01
993,KEN10992,Scott Bird,Director,Finance,Retired,2020-08-15
994,KEN10993,Juan Graham,Manager,ICT,Active,2020-07-22
995,KEN10994,Linda Johnson,Director,Finance,Resigned,2017-07-15
996,KEN10995,Nancy Byrd,Director,Engineering,Retired,2020-08-05
997,KEN10996,Brian James,Director,Operations,Retired,2017-01-15
998,KEN10997,Angela Mercado,Staff,Engineering,Retired,2017-07-04
999,KEN10998,Kendra Price,Ex-Staff,Engineering,Active,2012-05-12
1000,KEN10999,Kim Jones,Manager,Finance,Retired,2021-06-15
